intent,response
How do I enable two-factor authentication (2FA) on the Xiaomi Outdoor Camera AW200?,"Enable 2FA via the Xiaomi Home app by navigating to Profile > Security Settings > Two-Factor Authentication, then link and verify your phone or authenticator app."
How can I set up a secure password for the Xiaomi Outdoor Camera AW200?,"Set a secure password: at least 12 characters with a mix of letters, numbers, and special characters; avoid common words and change the default password."
What steps should I take to ensure the firmware of my Xiaomi Outdoor Camera AW200 is up to date?,Update firmware via the Xiaomi Home app: go to Device Settings > Firmware Update and follow the prompts to install updates.
How do I configure the firewall settings for my Xiaomi Outdoor Camera AW200?,"Configure firewall: access your router’s admin panel, restrict traffic to necessary ports, disable unnecessary services, and enable logging."
What are the recommended privacy settings for the Xiaomi Outdoor Camera AW200?,"Privacy settings: use Privacy Mode, turn off audio recording if not needed, enable video encryption, and manage user access permissions regularly."
How can I set up motion detection zones to improve security on my Xiaomi Outdoor Camera AW200?,"Set motion detection zones in the Xiaomi Home app: go to Motion Detection settings, customize zones, and save settings."
How do I secure the Wi-Fi network to which my Xiaomi Outdoor Camera AW200 is connected?,"Secure Wi-Fi: use WPA3/WPA2 encryption, set a strong password, create a guest network, and update router firmware regularly."
How can I ensure my video feeds are securely stored when using the Xiaomi Outdoor Camera AW200?,"Secure video storage: use encrypted cloud storage or encrypt local SD card, back up video feeds, and set strong passwords for access."
What steps should I take to prevent unauthorized access to my Xiaomi Outdoor Camera AW200?,"Prevent unauthorized access: change default passwords, update them regularly, enable 2FA, and manage user permissions."
How do I set up secure remote access for my Xiaomi Outdoor Camera AW200?,"Set up secure remote access: enable remote access in the Xiaomi Home app, use a strong password and 2FA, and use a VPN for remote connections."
"How can I ensure the Xiaomi AW200 camera's firmware is up-to-date, and why is this important for security?","Keeping your AW200 camera's firmware up-to-date is crucial for security. Firmware updates often include security patches that address vulnerabilities and bugs. To update the firmware, open the Xiaomi Home app, select your camera, and check for available updates."
"What are the different levels of access control available for the AW200 camera, and how can I configure them?","The AW200 camera offers various access control levels. You can set up different user accounts with varying permissions, such as viewing live feeds, recording videos, or adjusting camera settings. To configure access control, go to the ""Users"" section in the Xiaomi Home app."
"Does the AW200 camera support two-factor authentication (2FA)? If so, how can I enable it?","The AW200 camera does not currently support two-factor authentication (2FA). However, you can use a strong password and enable other security features like account verification and device binding to enhance security."
What are the recommended password strength and complexity requirements for the AW200 camera?,"For maximum security, use a strong password that is at least 12 characters long and includes a combination of uppercase and lowercase letters, numbers, and symbols. Avoid using common or easily guessable passwords."
How secure is the AW200 camera's Wi-Fi connection? Are there any specific settings I should adjust for enhanced security?,"The AW200 camera uses a secure Wi-Fi connection with WPA2/WPA3 encryption. To further enhance security, consider using a strong Wi-Fi password and enabling MAC address filtering on your router to prevent unauthorized devices from connecting to your network."
"Does the AW200 camera offer any encryption for its video recordings? If so, what type of encryption is used?",The AW200 camera encrypts video recordings using AES-128 encryption. This encryption helps protect your recordings from unauthorized access.
What are the potential security risks associated with using the AW200 camera's cloud storage feature?,"Using cloud storage for your AW200 camera's recordings introduces potential security risks. If the cloud service provider experiences a data breach, your recordings could be compromised. Consider using a local storage solution or a reputable cloud provider with strong security measures."
How can I disable or restrict access to the AW200 camera's live feed?,You can disable or restrict access to the AW200 camera's live feed by setting up a schedule in the Xiaomi Home app. You can also choose to disable the live feed entirely for specific periods.
What measures can I take to protect the AW200 camera from unauthorized physical access?,"To protect the AW200 camera from unauthorized physical access, consider installing it in a secure location, using a strong mounting bracket, and setting up motion detection alerts. You can also use a tamper-proof cover to prevent unauthorized access to the camera's components."
Are there any known vulnerabilities or security patches released for the AW200 camera? Where can I find information about these?,"Xiaomi regularly releases security patches for its devices, including the AW200 camera. You can find information about known vulnerabilities and security patches on Xiaomi's official website or by contacting their customer support."
"How can I ensure the Ezviz H6c Pro camera's firmware is up-to-date, and why is this important for security?","Keeping your H6c Pro camera's firmware up-to-date is crucial for security. Firmware updates often include security patches that address vulnerabilities and bugs. To update the firmware, open the Ezviz app, select your camera, and check for available updates."
"What are the different levels of access control available for the H6c Pro camera, and how can I configure them?","The H6c Pro camera offers various access control levels. You can set up different user accounts with varying permissions, such as viewing live feeds, recording videos, or adjusting camera settings. To configure access control, go to the ""Users"" section in the Ezviz app."
"Does the H6c Pro camera support two-factor authentication (2FA)? If so, how can I enable it?","The H6c Pro camera does not currently support two-factor authentication (2FA). However, you can use a strong password and enable other security features like account verification and device binding to enhance security."
What are the recommended password strength and complexity requirements for the H6c Pro camera?,"For maximum security, use a strong password that is at least 12 characters long and includes a combination of uppercase and lowercase letters, numbers, and symbols. Avoid using common or easily guessable passwords."
How secure is the H6c Pro camera's Wi-Fi connection? Are there any specific settings I should adjust for enhanced security?,"The H6c Pro camera uses a secure Wi-Fi connection with WPA2/WPA3 encryption. To further enhance security, consider using a strong Wi-Fi password and enabling MAC address filtering on your router to prevent unauthorized devices from connecting to your network."
"Does the H6c Pro camera offer any encryption for its video recordings? If so, what type of encryption is used?",The H6c Pro camera encrypts video recordings using AES-128 encryption. This encryption helps protect your recordings from unauthorized access.
What are the potential security risks associated with using the H6c Pro camera's cloud storage feature?,"Using cloud storage for your H6c Pro camera's recordings introduces potential security risks. If the cloud service provider experiences a data breach, your recordings could be compromised. Consider using a local storage solution or a reputable cloud provider with strong security measures."
How can I disable or restrict access to the H6c Pro camera's live feed?,You can disable or restrict access to the H6c Pro camera's live feed by setting up a schedule in the Ezviz app. You can also choose to disable the live feed entirely for specific periods.
What measures can I take to protect the H6c Pro camera from unauthorized physical access?,"To protect the H6c Pro camera from unauthorized physical access, consider installing it in a secure location, using a strong mounting bracket, and setting up motion detection alerts. You can also use a tamper-proof cover to prevent unauthorized access to the camera's components."
Are there any known vulnerabilities or security patches released for the H6c Pro camera? Where can I find information about these?,"Ezviz regularly releases security patches for its devices, including the H6c Pro camera. You can find information about known vulnerabilities and security patches on Ezviz's official website or by contacting their customer support."
"How can I ensure the router's firmware is up-to-date, and why is this important for security?","Keeping your router's firmware up-to-date is crucial for security. Firmware updates often include security patches that address vulnerabilities and bugs. To update the firmware, log in to the router's web interface and check for available updates."
"What are the different levels of access control available for the router, and how can I configure them?","The router offers various access control levels. You can set up different user accounts with varying permissions, such as accessing the router's settings or configuring Wi-Fi networks. To configure access control, go to the ""Administration"" or ""Management"" section of the router's web interface."
"Does the router support two-factor authentication (2FA)? If so, how can I enable it?","The router does not currently support two-factor authentication (2FA). However, you can use a strong password and enable other security features like account verification and device binding to enhance security."
What are the recommended password strength and complexity requirements for the router's admin interface?," For maximum security, use a strong password that is at least 12 characters long and includes a combination of uppercase and lowercase letters, numbers, and symbols. Avoid using common or easily guessable passwords."
How secure is the router's Wi-Fi connection? Are there any specific settings I should adjust for enhanced security?,"The router uses WPA3 encryption for its Wi-Fi connection, which provides enhanced security compared to WPA2. To further enhance security, consider using a strong Wi-Fi password and enabling MAC address filtering on the router to prevent unauthorized devices from connecting to your network."
"Does the router offer any encryption for its Wi-Fi traffic? If so, what type of encryption is used?",The router encrypts Wi-Fi traffic using AES-256 encryption. This encryption helps protect your data from unauthorized access.
What are the potential security risks associated with using the router's guest network feature?,Using the guest network feature can introduce potential security risks if not configured properly. Make sure to set a strong password for the guest network and limit access to necessary devices only.
How can I restrict access to the router's web interface?,You can restrict access to the router's web interface by setting up a strong admin password and enabling HTTPS access. You can also limit access to specific IP addresses or devices.
What measures can I take to protect the router from unauthorized physical access?,"To protect the router from unauthorized physical access, consider installing it in a secure location, using a strong mounting bracket, and setting up access controls to prevent unauthorized access to the router's settings."
Are there any known vulnerabilities or security patches released for the router? Where can I find information about these?,The manufacturer regularly releases security patches for the router. You can find information about known vulnerabilities and security patches on the manufacturer's official website or by contacting their customer support.
"How can I ensure the H6c Pro 2K⁺ camera's firmware is up-to-date, and why is this important for security?","Keeping your H6c Pro 2K⁺ camera's firmware up-to-date is crucial for security. Firmware updates often include security patches that address vulnerabilities and bugs. To update the firmware, open the Ezviz app, select your camera, and check for available updates."
"What are the different levels of access control available for the H6c Pro 2K⁺ camera, and how can I configure them?","The H6c Pro 2K⁺ camera offers various access control levels. You can set up different user accounts with varying permissions, such as viewing live feeds, recording videos, or adjusting camera settings. To configure access control, go to the ""Users"" section in the Ezviz app."
"Does the H6c Pro 2K⁺ camera support two-factor authentication (2FA)? If so, how can I enable it?","The H6c Pro 2K⁺ camera does not currently support two-factor authentication (2FA). However, you can use a strong password and enable other security features like account verification and device binding to enhance security."
What are the recommended password strength and complexity requirements for the H6c Pro 2K⁺ camera's admin interface?,"For maximum security, use a strong password that is at least 12 characters long and includes a combination of uppercase and lowercase letters, numbers, and symbols. Avoid using common or easily guessable passwords."
How secure is the H6c Pro 2K⁺ camera's Wi-Fi connection? Are there any specific settings I should adjust for enhanced security?,"The H6c Pro 2K⁺ camera uses a secure Wi-Fi connection with WPA2/WPA3 encryption. To further enhance security, consider using a strong Wi-Fi password and enabling MAC address filtering on your router to prevent unauthorized devices from connecting to your network."
"Does the H6c Pro 2K⁺ camera offer any encryption for its video recordings? If so, what type of encryption is used?",The H6c Pro 2K⁺ camera encrypts video recordings using AES-128 encryption. This encryption helps protect your recordings from unauthorized access.
What are the potential security risks associated with using the H6c Pro 2K⁺ camera's cloud storage feature?,"Using cloud storage for your H6c Pro 2K⁺ camera's recordings introduces potential security risks. If the cloud service provider experiences a data breach, your recordings could be compromised. Consider using a local storage solution or a reputable cloud provider with strong security measures."
How can I restrict access to the H6c Pro 2K⁺ camera's live feed?,You can restrict access to the H6c Pro 2K⁺ camera's live feed by setting up a schedule in the Ezviz app. You can also choose to disable the live feed entirely for specific periods.
What measures can I take to protect the H6c Pro 2K⁺ camera from unauthorized physical access?,"To protect the H6c Pro 2K⁺ camera from unauthorized physical access, consider installing it in a secure location, using a strong mounting bracket, and setting up motion detection alerts. You can also use a tamper-proof cover to prevent unauthorized access to the camera's components."
Are there any known vulnerabilities or security patches released for the H6c Pro 2K⁺ camera? Where can I find information about these?,"Ezviz regularly releases security patches for its devices, including the H6c Pro 2K⁺ camera. You can find information about known vulnerabilities and security patches on Ezviz's official website or by contacting their customer support."
How do I update the firmware on my Velop Pro 6E?,"Go to the Linksys app, select your Velop Pro 6E, and check for firmware updates."
How do I set up a guest network on my Velop Pro 6E?,"Go to the Linksys app, select your Velop Pro 6E, and enable the guest network feature."
Is WPA3 encryption available on my Velop Pro 6E?,"Yes, WPA3 encryption is available on the Velop Pro 6E."
How do I set up a strong password for my Velop Pro 6E?,"Use a strong password that is at least 12 characters long and includes uppercase and lowercase letters, numbers, and symbols."
Does my Velop Pro 6E have a firewall?,"Yes, the Velop Pro 6E has a built-in firewall that helps protect your network from unauthorized access."
How do I enable parental controls on my Velop Pro 6E?,"Go to the Linksys app, select your Velop Pro 6E, and set up parental controls to block access to specific websites or set time limits."
Can I limit access to specific websites on my Velop Pro 6E?,"Yes, you can limit access to specific websites using the Linksys app."
How do I set up Quality of Service (QoS) on my Velop Pro 6E?,"Go to the Linksys app, select your Velop Pro 6E, and set up Quality of Service (QoS) to prioritize traffic for specific devices or applications."
How do I reset my Velop Pro 6E to its factory settings?,Press and hold the reset button on the back of the Velop Pro 6E for 10 seconds to reset it to its factory settings.
Where do I find information on security updates for my Velop Pro 6E?,Check the Linksys website or contact their customer support for information on security updates for your Velop Pro 6E.
How do I change the admin password on my router?,"Log in to the router's web interface, go to the Administration tab, and change the admin password."
How do I set up a guest network on my router?,"Log in to the router's web interface, go to the Wireless tab, and enable the guest network feature."
Is WPA2 encryption enabled by default on my router?,"Yes, WPA2 encryption is enabled by default on the router."
How do I set up a strong password for my Wi-Fi network?,"Use a strong password that is at least 12 characters long and includes uppercase and lowercase letters, numbers, and symbols."
Does my router have a firewall?,"Yes, the router has a built-in firewall that helps protect your network from unauthorized access."
How do I enable parental controls on my router?,"Log in to the router's web interface, go to the Parental Controls tab, and set up parental controls to block access to specific websites or set time limits."
Can I limit access to specific websites on my router?,"Yes, you can limit access to specific websites using the router's web interface."
How do I set up Quality of Service (QoS) on my router?,"Log in to the router's web interface, go to the QoS tab, and set up Quality of Service (QoS) to prioritize traffic for specific devices or applications."
How do I reset my router to its factory settings?,Press and hold the reset button on the back of the router for 10 seconds to reset it to its factory settings.
Where do I find information on security updates for my router?,Check the manufacturer's website or contact their customer support for information on security updates for your router.
How do I configure VLANs on my access point?,"Log in to the access point's web interface, go to the VLAN tab, and configure the VLAN settings."
What is the default IP address of my access point?,The default IP address of the access point is 192.168.1.1.
How do I enable HTTPS on my access point's web interface?,"Log in to the access point's web interface, go to the Administration tab, and enable HTTPS."
Can I set up multiple SSIDs on my access point?,"Yes, you can set up multiple SSIDs on the access point using the Wireless tab."
How do I configure MAC address filtering on my access point?,"Log in to the access point's web interface, go to the Wireless tab, and configure MAC address filtering."
What is the purpose of the access point's logs?,"The access point's logs provide a record of system events, errors, and security alerts."
How do I configure SNMPv3 on my access point?,"Log in to the access point's web interface, go to the Management tab, and configure SNMPv3."
Can I set up a RADIUS server on my access point?,"Yes, you can set up a RADIUS server on the access point using the Authentication tab."
How do I configure the access point's DNS settings?,"Log in to the access point's web interface, go to the Network tab, and configure the DNS settings."
Where can I find the access point's firmware release notes?,Check the manufacturer's website or contact their customer support for access to the firmware release notes.
How do I set up a VPN server on my router?,"Log in to the router's web interface, go to the VPN tab, and configure the VPN server settings."
What is the purpose of the router's firewall?,The router's firewall helps protect your network from unauthorized access and malicious traffic.
How do I configure Quality of Service (QoS) on my router?,"Log in to the router's web interface, go to the QoS tab, and configure the Quality of Service settings."
Can I set up multiple wireless networks on my router?,"Yes, you can set up multiple wireless networks on the router using the Wireless tab."
How do I enable MAC address filtering on my router?,"Log in to the router's web interface, go to the Wireless tab, and configure MAC address filtering."
What is the default admin password for my router?,The default admin password for the router is printed on the underside of the device.
How do I configure the router's DNS settings?,"Log in to the router's web interface, go to the Network tab, and configure the DNS settings."
Can I set up a guest network on my router?,"Yes, you can set up a guest network on the router using the Wireless tab."
How do I reset my router to its factory settings?,Press and hold the reset button on the back of the router for 10 seconds to reset it to its factory settings.
Where can I find the router's firmware update history?,Check the manufacturer's website or contact their customer support for access to the router's firmware update history.
How do I configure the router's firewall to block incoming traffic?,"Log in to the router's web interface, go to the Firewall tab, and configure the incoming traffic settings."
What is the purpose of the router's Intrusion Detection System (IDS)?,The router's IDS helps detect and prevent malicious traffic on your network.
How do I set up a DMZ on my router?,"Log in to the router's web interface, go to the Advanced tab, and configure the DMZ settings."
Can I set up a wireless network with WPA3 encryption?,"Yes, you can set up a wireless network with WPA3 encryption using the Wireless tab."
How do I configure the router's NAT settings?,"Log in to the router's web interface, go to the Advanced tab, and configure the NAT settings."
What is the purpose of the router's logs?,"The router's logs provide a record of system events, errors, and security alerts."
How do I set up a schedule for the router's wireless network?,"Log in to the router's web interface, go to the Wireless tab, and configure the schedule for the wireless network."
Can I set up a VLAN on my router?,"Yes, you can set up a VLAN on the router using the VLAN tab."
How do I configure the router's LAN settings?,"Log in to the router's web interface, go to the LAN tab, and configure the LAN settings."
Where can I find the router's security audit logs?,"Check the router's web interface, go to the Logs tab, and view the security audit logs."
How do I configure the mesh network's wireless settings?,"Log in to the mesh network's web interface, go to the Wireless tab, and configure the wireless settings."
What is the purpose of the mesh network's network segmentation feature?,The mesh network's network segmentation feature helps isolate devices and prevent lateral movement in case of a security breach.
How do I set up a guest network on the mesh network?,"Log in to the mesh network's web interface, go to the Wireless tab, and configure the guest network settings."
Can I configure Quality of Service (QoS) on the mesh network?,"Yes, you can configure Quality of Service (QoS) on the mesh network using the QoS tab."
How do I enable WPA3 encryption on the mesh network?,"Log in to the mesh network's web interface, go to the Wireless tab, and enable WPA3 encryption."
What is the purpose of the mesh network's threat detection feature?,The mesh network's threat detection feature helps identify and block malicious traffic on the network.
How do I configure the mesh network's firewall rules?,"Log in to the mesh network's web interface, go to the Firewall tab, and configure the firewall rules."
Can I set up a VPN server on the mesh network?,"Yes, you can set up a VPN server on the mesh network using the VPN tab."
How do I configure the mesh network's DNS settings?,"Log in to the mesh network's web interface, go to the Network tab, and configure the DNS settings."
Where can I find the mesh network's system logs?,"Check the mesh network's web interface, go to the Logs tab, and view the system logs."
How do I configure the router's firewall to block outgoing traffic?,"Log in to the router's web interface, go to the Firewall tab, and configure the outgoing traffic settings."
What is the purpose of the router's Denial of Service (DoS) protection feature?,The router's DoS protection feature helps prevent denial-of-service attacks on your network.
How do I set up a virtual private network (VPN) on the router?,"Log in to the router's web interface, go to the VPN tab, and configure the VPN settings."
Can I configure the router to use a static IP address?,"Yes, you can configure the router to use a static IP address using the Network tab."
How do I enable HTTPS on the router's web interface?,"Log in to the router's web interface, go to the Administration tab, and enable HTTPS."
What is the purpose of the router's intrusion detection system (IDS)?,The router's IDS helps detect and prevent intrusions on your network.
How do I configure the router's Quality of Service (QoS) settings?,"Log in to the router's web interface, go to the QoS tab, and configure the Quality of Service settings."
Can I set up a wireless network with WPA2-PSK encryption?,"Yes, you can set up a wireless network with WPA2-PSK encryption using the Wireless tab."
How do I configure the router's DNS settings?,"Log in to the router's web interface, go to the Network tab, and configure the DNS settings."
Where can I find the router's system logs?,"Check the router's web interface, go to the Logs tab, and view the system logs."
How do I configure the mesh network's wireless encryption?,"Log in to the mesh network's web interface, go to the Wireless tab, and configure the wireless encryption settings."
What is the purpose of the router's built-in antivirus software?,The router's built-in antivirus software helps detect and remove malware from devices on your network.
How do I set up a guest network on the mesh network?,"Log in to the mesh network's web interface, go to the Wireless tab, and configure the guest network settings."
Can I configure the router's firewall to block specific IP addresses?,"Yes, you can configure the router's firewall to block specific IP addresses using the Firewall tab."
How do I enable WPA3 encryption on the mesh network?,"Log in to the mesh network's web interface, go to the Wireless tab, and enable WPA3 encryption."
What is the purpose of the router's intrusion prevention system (IPS)?,The router's IPS helps detect and prevent intrusions on your network.
How do I configure the mesh network's Quality of Service (QoS) settings?,"Log in to the mesh network's web interface, go to the QoS tab, and configure the Quality of Service settings."
Can I set up a VPN server on the mesh network?,"Yes, you can set up a VPN server on the mesh network using the VPN tab."
How do I configure the router's DNS settings?,"Log in to the mesh network's web interface, go to the Network tab, and configure the DNS settings."
Where can I find the mesh network's system logs?,"Check the mesh network's web interface, go to the Logs tab, and view the system logs."
How do I configure the router's firewall to block incoming traffic?,"Log in to the router's web interface, go to the Firewall tab, and configure the incoming traffic settings."
What is the purpose of the router's parental control feature?,The router's parental control feature helps block access to inappropriate content and set time limits for devices on your network.
How do I set up a guest network on the router?,"Log in to the router's web interface, go to the Wireless tab, and configure the guest network settings."
Can I configure the router's Quality of Service (QoS) settings?,"Yes, you can configure the router's Quality of Service (QoS) settings using the QoS tab."
How do I enable WPA3 encryption on the router?,"Log in to the router's web interface, go to the Wireless tab, and enable WPA3 encryption."
What is the purpose of the router's intrusion detection system (IDS)?,The router's IDS helps detect and prevent intrusions on your network.
How do I configure the router's DNS settings?,"Log in to the router's web interface, go to the Network tab, and configure the DNS settings."
Can I set up a VPN server on the router?,"Yes, you can set up a VPN server on the router using the VPN tab."
How do I configure the router's LAN settings?,"Log in to the router's web interface, go to the LAN tab, and configure the LAN settings."
Where can I find the router's system logs?,"Check the router's web interface, go to the Logs tab, and view the system logs."
How do I configure the mesh network's wireless encryption?,"Log in to the repeater's web interface, go to the Wireless tab, and configure the wireless encryption settings."
What is the purpose of the repeater's built-in antivirus software?,The repeater's built-in antivirus software helps detect and remove malware from devices on your network.
How do I set up a guest network on the mesh network?,"Log in to the repeater's web interface, go to the Wireless tab, and configure the guest network settings."
Can I configure the repeater's firewall to block specific IP addresses?,"Yes, you can configure the repeater's firewall to block specific IP addresses using the Firewall tab."
How do I enable WPA3 encryption on the mesh network?,"Log in to the repeater's web interface, go to the Wireless tab, and enable WPA3 encryption."
What is the purpose of the repeater's intrusion detection system (IDS)?,The repeater's IDS helps detect and prevent intrusions on your network.
How do I configure the mesh network's Quality of Service (QoS) settings?,"Log in to the repeater's web interface, go to the QoS tab, and configure the Quality of Service settings."
Can I set up a VPN server on the mesh network?,"Yes, you can set up a VPN server on the mesh network using the VPN tab."
How do I configure the repeater's DNS settings?,"Log in to the repeater's web interface, go to the Network tab, and configure the DNS settings."
Where can I find the mesh network's system logs?,"Check the repeater's web interface, go to the Logs tab, and view the system logs."
How do I configure the mesh network's wireless encryption?,"Log in to the repeater's web interface, go to the Wireless tab, and configure the wireless encryption settings."
What is the purpose of the repeater's built-in antivirus software?,The repeater's built-in antivirus software helps detect and remove malware from devices on your network.
How do I set up a guest network on the mesh network?,"Log in to the repeater's web interface, go to the Wireless tab, and configure the guest network settings."
Can I configure the repeater's firewall to block specific IP addresses?,"Yes, you can configure the repeater's firewall to block specific IP addresses using the Firewall tab."
How do I enable WPA3 encryption on the mesh network?,"Log in to the repeater's web interface, go to the Wireless tab, and enable WPA3 encryption."
What is the purpose of the repeater's intrusion prevention system (IPS)?,The repeater's IPS helps detect and prevent intrusions on your network.
How do I configure the mesh network's Quality of Service (QoS) settings?,"Log in to the repeater's web interface, go to the QoS tab, and configure the Quality of Service settings."
Can I set up a VPN server on the mesh network?,"Yes, you can set up a VPN server on the mesh network using the VPN tab."
How do I configure the repeater's DNS settings?,"Log in to the repeater's web interface, go to the Network tab, and configure the DNS settings."
Where can I find the mesh network's system logs?,"Check the repeater's web interface, go to the Logs tab, and view the system logs."
How do I configure the mesh network's wireless encryption?,"Log in to the system's web interface, go to the Wireless tab, and configure the wireless encryption settings."
What is the purpose of the system's built-in antivirus software?,The system's built-in antivirus software helps detect and remove malware from devices on your network.
How do I set up a guest network on the mesh network?,"Log in to the system's web interface, go to the Wireless tab, and configure the guest network settings."
Can I configure the system's firewall to block specific IP addresses?,"Yes, you can configure the system's firewall to block specific IP addresses using the Firewall tab."
How do I enable WPA3 encryption on the mesh network?,"Log in to the system's web interface, go to the Wireless tab, and enable WPA3 encryption."
What is the purpose of the system's intrusion detection and prevention system (IDPS)?,The system's IDPS helps detect and prevent intrusions on your network.
How do I configure the mesh network's Quality of Service (QoS) settings?,"Log in to the system's web interface, go to the QoS tab, and configure the Quality of Service settings."
Can I set up a VPN server on the mesh network?,"Yes, you can set up a VPN server on the mesh network using the VPN tab."
How do I configure the system's DNS settings?,"Log in to the system's web interface, go to the Network tab, and configure the DNS settings."
Where can I find the mesh network's system logs?,"Check the system's web interface, go to the Logs tab, and view the system logs."
How do I configure the mesh network's wireless encryption?,"Log in to the gateway's web interface, go to the Wireless tab, and configure the wireless encryption settings."
What is the purpose of the gateway's built-in antivirus software?,The gateway's built-in antivirus software helps detect and remove malware from devices on your network.
How do I set up a guest network on the mesh network?,"Log in to the gateway's web interface, go to the Wireless tab, and configure the guest network settings."
Can I configure the gateway's firewall to block specific IP addresses?,"Yes, you can configure the gateway's firewall to block specific IP addresses using the Firewall tab."
How do I enable WPA3 encryption on the mesh network?,"Log in to the gateway's web interface, go to the Wireless tab, and enable WPA3 encryption."
What is the purpose of the gateway's intrusion detection and prevention system (IDPS)?,The gateway's IDPS helps detect and prevent intrusions on your network.
How do I configure the mesh network's Quality of Service (QoS) settings?,"Log in to the gateway's web interface, go to the QoS tab, and configure the Quality of Service settings."
Can I set up a VPN server on the mesh network?,"Yes, you can set up a VPN server on the mesh network using the VPN tab."
How do I configure the gateway's DNS settings?,"Log in to the gateway's web interface, go to the Network tab, and configure the DNS settings."
Where can I find the mesh network's system logs?,"Check the gateway's web interface, go to the Logs tab, and view the system logs."
How do I set up motion detection on my security camera?,"Log in to the camera's app, go to the Settings tab, and enable motion detection."
What is the purpose of the camera's night vision feature?,The camera's night vision feature allows the camera to capture video in low-light environments.
How do I configure the camera's video quality settings?,"Log in to the camera's app, go to the Video tab, and adjust the video quality settings."
Can I set up alerts for motion detection on my camera?,"Yes, you can set up alerts for motion detection on your camera using the Notifications tab."
How do I configure the camera's privacy settings?,"Log in to the camera's app, go to the Privacy tab, and adjust the privacy settings."
What is the purpose of the camera's two-way audio feature?,The camera's two-way audio feature allows for real-time communication between the camera and a mobile device.
How do I set up motion tracking on my camera?,"Log in to the camera's app, go to the Motion tab, and enable motion tracking."
Can I integrate my security camera with other smart home devices?,"Yes, you can integrate your security camera with other smart home devices using the Integrations tab."
How do I configure the camera's storage settings?,"Log in to the camera's app, go to the Storage tab, and adjust the storage settings."
Where can I view the camera's video footage?,You can view the camera's video footage in the app's Video tab or on a connected TV.
How do I configure the router's firewall settings?,"Log in to the router's web interface, go to the Firewall tab, and configure the firewall settings."
What is the purpose of the router's intrusion detection system (IDS)?,The router's IDS helps detect and prevent intrusions on your network.
How do I set up a guest network on the router?,"Log in to the router's web interface, go to the Wireless tab, and configure the guest network settings."
Can I configure the router's Quality of Service (QoS) settings?,"Yes, you can configure the router's QoS settings using the QoS tab."
How do I enable WPA3 encryption on the router?,"Log in to the router's web interface, go to the Wireless tab, and enable WPA3 encryption."
How do I configure the router's parental controls?,"Log in to the router's web interface, go to the Parental Controls tab, and configure the parental controls."
What is the purpose of the router's antivirus software?,The router's antivirus software helps detect and remove malware from devices on your network.
How do I set up a VPN server on the router?,"Log in to the router's web interface, go to the VPN tab, and configure the VPN server settings."
Can I configure the router's DNS settings?,"Yes, you can configure the router's DNS settings using the DNS tab."
How do I view the router's system logs?,"Check the router's web interface, go to the Logs tab, and view the system logs."
How do I secure my WiFi network?,"To secure your WiFi network, use a strong password, enable WPA3 encryption, and set up a guest network."
What is the purpose of a firewall?,A firewall helps block unauthorized access to your network and devices.
How do I set up a guest network?,Set up a guest network to provide internet access to visitors without compromising your main network.
Can I configure Quality of Service (QoS) settings?,"Yes, you can configure QoS settings to prioritize traffic and ensure a smooth online experience."
How do I enable WPA3 encryption?,Enable WPA3 encryption to secure your WiFi network and protect data in transit.
What is the purpose of antivirus software?,Antivirus software helps detect and remove malware from devices on your network.
How do I set up a VPN server?,Set up a VPN server to allow secure remote access to your network.
Can I configure DNS settings?,"Yes, you can configure DNS settings to use a custom DNS server or filter out malicious websites."
How do I view system logs?,View system logs to monitor network activity and detect potential security threats.
What is the purpose of a intrusion detection system (IDS)?,"An IDS helps detect and prevent intrusions on your network, alerting you to potential security threats."
Does the air conditioner have built-in security features?,"Yes, many modern split type air conditioners come with built-in security features."
Can I set up a password to lock the air conditioner's settings?,"Yes, you can set up a password to lock the air conditioner's settings to prevent unauthorized changes."
How do I enable child safety lock on the air conditioner?,Enable child safety lock on the air conditioner to prevent accidental changes to the settings.
Can I schedule the air conditioner to turn off automatically when not in use?,"Yes, you can schedule the air conditioner to turn off automatically when not in use to conserve energy."
Does the air conditioner have a built-in timer?,"Yes, many air conditioners come with a built-in timer that allows you to set a schedule for the unit to turn on and off."
Can I set up a schedule for the air conditioner to turn on and off?,"Yes, you can set up a schedule for the air conditioner to turn on and off using the timer feature."
How do I enable energy-saving mode on the air conditioner?,"Yes, many air conditioners have an energy-saving mode that can help reduce energy consumption."
Can I set up a reminder to clean the air conditioner's filter?,"Yes, you can set up a reminder to clean the air conditioner's filter to ensure optimal performance and air quality."
Does the air conditioner have a built-in sensor to detect room temperature?,"Yes, many modern air conditioners come with a built-in sensor that can detect room temperature and adjust the unit's operation accordingly."
Can I control the air conditioner remotely using a mobile app?,"Yes, many air conditioners can be controlled remotely using a mobile app, allowing you to adjust the settings and schedule from your smartphone or tablet."
Does the air conditioner have a child safety lock feature?,"Yes, the Midea All Easy Single Indoor Unit MSEID-24(S) has a child safety lock feature to prevent accidental changes to the settings."
How do I set up a password to lock the air conditioner's settings?,You can set up a password to lock the air conditioner's settings using the remote control or the mobile app.
Can I schedule the air conditioner to turn off automatically when not in use?,"Yes, you can schedule the air conditioner to turn off automatically when not in use to conserve energy."
Does the air conditioner have a built-in timer?,"Yes, the air conditioner has a built-in timer that allows you to set a schedule for the unit to turn on and off."
Can I set up a reminder to clean the air conditioner's filter?,"Yes, you can set up a reminder to clean the air conditioner's filter using the mobile app or the remote control."
Does the air conditioner have a built-in sensor to detect room temperature?,"Yes, the air conditioner has a built-in sensor that can detect room temperature and adjust the unit's operation accordingly."
Can I control the air conditioner remotely using a mobile app?,"Yes, you can control the air conditioner remotely using the Midea Air mobile app."
Does the air conditioner have an energy-saving mode?,"Yes, the air conditioner has an energy-saving mode that can help reduce energy consumption."
Can I set up a schedule for the air conditioner to turn on and off?,"Yes, you can set up a schedule for the air conditioner to turn on and off using the timer feature."
Does the air conditioner have a self-diagnostic feature for troubleshooting?,"Yes, the air conditioner has a self-diagnostic feature that can help troubleshoot issues and provide error codes for easier maintenance."
Does the camera have password protection?,"Yes, the i-Pro Network Camera has password protection to prevent unauthorized access."
Can I set up user authentication for camera access?,"Yes, you can set up user authentication for camera access using usernames and passwords."
Does the camera have SSL/TLS encryption for secure data transmission?,"Yes, the camera has SSL/TLS encryption for secure data transmission over the network."
Can I set up motion detection and alerts?,"Yes, you can set up motion detection and alerts using the camera's built-in motion detection feature."
Does the camera have a built-in SD card slot for local storage?,"Yes, the camera has a built-in SD card slot for local storage of video footage."
Can I set up a schedule for recording and monitoring?,"Yes, you can set up a schedule for recording and monitoring using the camera's built-in scheduler."
Does the camera have a built-in microphone for audio recording?,"Yes, the camera has a built-in microphone for audio recording."
Can I set up alerts for tampering or vandalization?,"Yes, you can set up alerts for tampering or vandalization using the camera's built-in alarm features."
Does the camera have a built-in speaker for two-way audio?,"Yes, the camera has a built-in speaker for two-way audio communication."
Can I set up a secure connection to the camera using HTTPS?,"Yes, you can set up a secure connection to the camera using HTTPS encryption."
Does the camera have a built-in intrusion detection system?,"Yes, the i-Pro Network Camera has a built-in intrusion detection system to detect and alert on potential security threats."
Can I set up a virtual fence to detect objects crossing a specific area?,"Yes, you can set up a virtual fence to detect objects crossing a specific area, such as a boundary or perimeter."
Does the camera have a built-in object detection feature?,"Yes, the camera has a built-in object detection feature to detect and track objects, such as people or vehicles."
Can I set up a people counting feature to track the number of people in a specific area?,"Yes, you can set up a people counting feature to track the number of people in a specific area, such as a store or office building."
Does the camera have a built-in heatmap feature to analyze traffic patterns?,"Yes, the camera has a built-in heatmap feature to analyze traffic patterns and identify trends and patterns."
Can I set up a camera tampering detection feature to alert me of any camera obstruction?,"Yes, you can set up a camera tampering detection feature to alert you of any camera obstruction or tampering."
Does the camera have a built-in privacy mask feature to blur out sensitive areas?,"Yes, the camera has a built-in privacy mask feature to blur out sensitive areas, such as faces or license plates."
Can I set up a camera to follow a specific object or person?,"Yes, you can set up a camera to follow a specific object or person, such as a suspect or package."
Does the camera have a built-in analytics feature to analyze video footage?,"Yes, the camera has a built-in analytics feature to analyze video footage and detect specific events or anomalies."
"Can I set up a camera to detect and alert me of specific events, such as a person falling?","Yes, you can set up a camera to detect and alert you of specific events, such as a person falling or a fire alarm going off."
Does the IP camera have password protection?,"Yes, the IP camera has password protection to prevent unauthorized access."
Can I set up user authentication for camera access?,"Yes, you can set up user authentication for camera access using usernames and passwords."
Does the camera have SSL/TLS encryption for secure data transmission?,"Yes, the camera has SSL/TLS encryption for secure data transmission over the network."
Can I set up motion detection and alerts?,"Yes, you can set up motion detection and alerts using the camera's built-in motion detection feature."
Does the camera have a built-in SD card slot for local storage?,"Yes, the camera has a built-in SD card slot for local storage of video footage."
Can I set up a schedule for recording and monitoring?,"Yes, you can set up a schedule for recording and monitoring using the camera's built-in scheduler."
Does the camera have a built-in microphone for audio recording?,"Yes, the camera has a built-in microphone for audio recording."
Can I set up alerts for tampering or vandalization?,"Yes, you can set up alerts for tampering or vandalization using the camera's built-in alarm features."
Does the camera have a built-in speaker for two-way audio?,"Yes, the camera has a built-in speaker for two-way audio communication."
Can I set up a secure connection to the camera using HTTPS?,"Yes, you can set up a secure connection to the camera using HTTPS encryption."
Does the IP camera have a built-in microphone for audio recording?,"Yes, the IP camera has a built-in microphone for audio recording."
Can I set up motion detection and alerts on the IP camera?,"Yes, you can set up motion detection and alerts on the IP camera."
Does the IP camera have a built-in speaker for two-way audio?,"Yes, the IP camera has a built-in speaker for two-way audio."
Can I set up a schedule for recording and monitoring on the IP camera?,"Yes, you can set up a schedule for recording and monitoring on the IP camera."
Does the IP camera have a built-in SD card slot for local storage?,"Yes, the IP camera has a built-in SD card slot for local storage."
Does the ExpertWiFi AX7800 Tri-Band Mesh System have built-in antivirus software?,"Yes, the ExpertWiFi AX7800 Tri-Band Mesh System has built-in antivirus software to protect against malware and viruses."
Can I set up a guest network on the ExpertWiFi AX7800 Tri-Band Mesh System?,"Yes, you can set up a guest network on the ExpertWiFi AX7800 Tri-Band Mesh System to provide internet access to visitors."
Does the ExpertWiFi AX7800 Tri-Band Mesh System have a built-in firewall?,"Yes, the ExpertWiFi AX7800 Tri-Band Mesh System has a built-in firewall to block unauthorized access to your network."
Can I set up Quality of Service (QoS) settings on the ExpertWiFi AX7800 Tri-Band Mesh System?,"Yes, you can set up Quality of Service (QoS) settings on the ExpertWiFi AX7800 Tri-Band Mesh System to prioritize traffic and ensure a smooth online experience."
Does the ExpertWiFi AX7800 Tri-Band Mesh System have a built-in intrusion detection system (IDS)?,"Yes, the ExpertWiFi AX7800 Tri-Band Mesh System has a built-in intrusion detection system (IDS) to detect and alert on potential security threats."
